Time,GrassPopulation,PrarieDogPopulation
0,50,10
1,49.8427,10.2
2,49.6749,10.4024
3,49.4967,10.6071
4,49.308,10.8139
5,49.1089,11.0227
6,48.8993,11.2333
7,48.6794,11.4456
8,48.4491,11.6594
9,48.2085,11.8745
10,47.9578,12.0907
11,47.697,12.3078
12,47.4263,12.5256
13,47.1458,12.7439
14,46.8557,12.9624
15,46.5561,13.1809
16,46.2473,13.3991
17,45.9295,13.6168
18,45.603,13.8337
19,45.2679,14.0496
20,44.9245,14.2641
21,44.5733,14.477
22,44.2143,14.688
23,43.848,14.8967
24,43.4748,15.103
25,43.0948,15.3065
26,42.7086,15.507
27,42.3165,15.7041
28,41.9188,15.8975
29,41.516,16.087
30,41.1084,16.2722
31,40.6965,16.453
32,40.2806,16.629
33,39.8613,16.7999
34,39.4388,16.9656
35,39.0137,17.1257
36,38.5862,17.2801
37,38.157,17.4285
38,37.7263,17.5706
39,37.2946,17.7064
40,36.8623,17.8355
41,36.4297,17.9579
42,35.9974,18.0734
43,35.5656,18.1818
44,35.1348,18.283
45,34.7054,18.3769
46,34.2775,18.4633
47,33.8518,18.5423
48,33.4283,18.6137
49,33.0076,18.6775
50,32.5899,18.7337
51,32.1754,18.7822
52,31.7645,18.8231
53,31.3574,18.8563
54,30.9544,18.8819
55,30.5557,18.8999
56,30.1615,18.9104
57,29.7721,18.9135
58,29.3876,18.9092
59,29.0082,18.8976
60,28.6341,18.8788
61,28.2653,18.8531
62,27.9022,18.8204
63,27.5447,18.7809
64,27.1929,18.7348
65,26.8471,18.6822
66,26.5072,18.6233
67,26.1733,18.5582
68,25.8454,18.4872
69,25.5237,18.4104
70,25.2081,18.328
71,24.8988,18.2402
72,24.5956,18.1471
73,24.2986,18.049
74,24.0078,17.9461
75,23.7232,17.8386
76,23.4447,17.7266
77,23.1725,17.6104
78,22.9063,17.4902
79,22.6462,17.3661
80,22.3921,17.2384
81,22.144,17.1073
82,21.9019,16.9729
83,21.6656,16.8354
84,21.4351,16.6951
85,21.2104,16.5521
86,20.9914,16.4066
87,20.7779,16.2588
88,20.57,16.1089
89,20.3676,15.957
90,20.1706,15.8033
91,19.9788,15.6479
92,19.7923,15.4911
93,19.6109,15.333
94,19.4346,15.1737
95,19.2632,15.0134
96,19.0968,14.8522
97,18.9351,14.6903
98,18.7782,14.5277
99,18.626,14.3647
100,18.4783,14.2013
101,18.3351,14.0377
102,18.1962,13.8739
103,18.0617,13.7102
104,17.9315,13.5465
105,17.8053,13.383
106,17.6833,13.2198
107,17.5653,13.057
108,17.4511,12.8946
109,17.3409,12.7328
110,17.2344,12.5716
111,17.1316,12.4111
112,17.0324,12.2514
113,16.9368,12.0925
114,16.8447,11.9346
115,16.7559,11.7776
116,16.6706,11.6216
117,16.5885,11.4667
118,16.5096,11.3129
119,16.4339,11.1603
120,16.3613,11.0089
121,16.2918,10.8587
122,16.2252,10.7099
123,16.1615,10.5624
124,16.1007,10.4162
125,16.0427,10.2714
126,15.9874,10.128
127,15.9349,9.98613
128,15.885,9.84567
129,15.8377,9.7067
130,15.7929,9.56923
131,15.7507,9.43328
132,15.7109,9.29886
133,15.6735,9.16599
134,15.6385,9.03467
135,15.6059,8.90492
136,15.5755,8.77674
137,15.5474,8.65014
138,15.5214,8.52512
139,15.4977,8.40169
140,15.4761,8.27985
141,15.4566,8.15959
142,15.4391,8.04092
143,15.4237,7.92384
144,15.4102,7.80834
145,15.3987,7.69442
146,15.3892,7.58207
147,15.3815,7.47129
148,15.3758,7.36207
149,15.3718,7.25441
150,15.3697,7.14829
151,15.3694,7.04371
152,15.3708,6.94065
153,15.374,6.83912
154,15.3789,6.73909
155,15.3854,6.64056
156,15.3937,6.54351
157,15.4035,6.44793
158,15.415,6.35381
159,15.4281,6.26114
160,15.4428,6.16991
161,15.459,6.08009
162,15.4768,5.99168
163,15.4961,5.90466
164,15.5169,5.81902
165,15.5391,5.73474
166,15.5629,5.65181
167,15.5881,5.57022
168,15.6147,5.48994
169,15.6427,5.41096
170,15.6722,5.33328
171,15.703,5.25686
172,15.7352,5.18171
173,15.7688,5.10779
174,15.8037,5.0351
175,15.84,4.96362
176,15.8776,4.89334
177,15.9165,4.82423
178,15.9567,4.75629
179,15.9981,4.68949
180,16.0409,4.62383
181,16.0849,4.55929
182,16.1302,4.49584
183,16.1768,4.43349
184,16.2246,4.3722
185,16.2736,4.31197
186,16.3238,4.25279
187,16.3753,4.19462
188,16.4279,4.13747
189,16.4818,4.08132
190,16.5368,4.02615
191,16.593,3.97194
192,16.6504,3.91869
193,16.709,3.86638
194,16.7687,3.81499
195,16.8296,3.76451
196,16.8917,3.71493
197,16.9549,3.66624
198,17.0192,3.61841
199,17.0847,3.57144
200,17.1513,3.52531
201,17.219,3.48002
202,17.2879,3.43554
203,17.3578,3.39187
204,17.4289,3.34899
205,17.5011,3.30689
206,17.5744,3.26555
207,17.6488,3.22498
208,17.7243,3.18514
209,17.8009,3.14605
210,17.8786,3.10767
211,17.9574,3.07
212,18.0373,3.03303
213,18.1182,2.99674
214,18.2003,2.96114
215,18.2834,2.9262
216,18.3676,2.89191
217,18.4529,2.85827
218,18.5392,2.82527
219,18.6267,2.79289
220,18.7152,2.76112
221,18.8048,2.72996
222,18.8954,2.6994
223,18.9871,2.66942
224,19.0799,2.64003
225,19.1738,2.6112
226,19.2687,2.58293
227,19.3647,2.55521
228,19.4617,2.52803
229,19.5599,2.50139
230,19.6591,2.47528
231,19.7593,2.44968
232,19.8606,2.4246
233,19.963,2.40001
234,20.0665,2.37592
235,20.171,2.35232
236,20.2766,2.3292
237,20.3832,2.30655
238,20.4909,2.28437
239,20.5997,2.26265
240,20.7096,2.24138
241,20.8205,2.22056
242,20.9325,2.20017
243,21.0455,2.18022
244,21.1597,2.1607
245,21.2749,2.1416
246,21.3912,2.12291
247,21.5085,2.10464
248,21.6269,2.08677
249,21.7464,2.06929
250,21.867,2.05221
251,21.9886,2.03552
252,22.1114,2.01922
253,22.2352,2.00329
254,22.3601,1.98773
255,22.4861,1.97255
256,22.6131,1.95772
257,22.7413,1.94326
258,22.8705,1.92916
259,23.0008,1.9154
260,23.1322,1.902
261,23.2647,1.88893
262,23.3983,1.87621
263,23.533,1.86383
264,23.6688,1.85177
265,23.8057,1.84005
266,23.9436,1.82865
267,24.0827,1.81758
268,24.2229,1.80682
269,24.3641,1.79638
270,24.5065,1.78626
271,24.65,1.77645
272,24.7946,1.76694
273,24.9403,1.75774
274,25.0871,1.74885
275,25.235,1.74026
276,25.384,1.73197
277,25.5341,1.72397
278,25.6854,1.71627
279,25.8377,1.70887
280,25.9912,1.70175
281,26.1458,1.69493
282,26.3015,1.6884
283,26.4583,1.68215
284,26.6162,1.6762
285,26.7752,1.67052
286,26.9354,1.66514
287,27.0967,1.66003
288,27.2591,1.65522
289,27.4226,1.65068
290,27.5872,1.64642
291,27.7529,1.64245
292,27.9198,1.63876
293,28.0878,1.63535
294,28.2569,1.63222
295,28.4271,1.62938
296,28.5984,1.62682
297,28.7708,1.62454
298,28.9444,1.62254
299,29.119,1.62083
300,29.2948,1.6194
301,29.4717,1.61826
302,29.6496,1.6174
303,29.8287,1.61684
304,30.0089,1.61656
305,30.1902,1.61657
306,30.3725,1.61688
307,30.556,1.61748
308,30.7406,1.61838
309,30.9262,1.61958
310,31.1129,1.62108
311,31.3007,1.62288
312,31.4896,1.625
313,31.6795,1.62742
314,31.8705,1.63015
315,32.0625,1.6332
316,32.2556,1.63657
317,32.4498,1.64026
318,32.6449,1.64428
319,32.8411,1.64863
320,33.0384,1.65331
321,33.2366,1.65833
322,33.4359,1.6637
323,33.6361,1.66942
324,33.8374,1.67549
325,34.0396,1.68192
326,34.2428,1.68871
327,34.4469,1.69587
328,34.652,1.70342
329,34.858,1.71134
330,35.065,1.71965
331,35.2728,1.72836
332,35.4816,1.73748
333,35.6912,1.747
334,35.9017,1.75694
335,36.1131,1.76731
336,36.3252,1.77812
337,36.5382,1.78936
338,36.752,1.80106
339,36.9666,1.81322
340,37.182,1.82586
341,37.398,1.83897
342,37.6148,1.85257
343,37.8323,1.86668
344,38.0505,1.8813
345,38.2693,1.89645
346,38.4887,1.91213
347,38.7088,1.92836
348,38.9294,1.94515
349,39.1505,1.96252
350,39.3722,1.98048
351,39.5943,1.99904
352,39.8169,2.01822
353,40.0399,2.03804
354,40.2633,2.0585
355,40.487,2.07962
356,40.711,2.10143
357,40.9353,2.12394
358,41.1598,2.14717
359,41.3845,2.17113
360,41.6093,2.19585
361,41.8343,2.22134
362,42.0593,2.24763
363,42.2842,2.27473
364,42.5092,2.30267
365,42.734,2.33148
366,42.9587,2.36117
367,43.1831,2.39177
368,43.4073,2.4233
369,43.6311,2.45579
370,43.8546,2.48926
371,44.0775,2.52375
372,44.3,2.55928
373,44.5218,2.59587
374,44.743,2.63357
375,44.9634,2.6724
376,45.183,2.71239
377,45.4016,2.75357
378,45.6193,2.79598
379,45.8359,2.83965
380,46.0514,2.88462
381,46.2656,2.93092
382,46.4784,2.97859
383,46.6898,3.02768
384,46.8996,3.07821
385,47.1078,3.13023
386,47.3142,3.18378
387,47.5188,3.2389
388,47.7214,3.29564
389,47.9218,3.35405
390,48.12,3.41416
391,48.3159,3.47602
392,48.5093,3.53969
393,48.7001,3.60521
394,48.8882,3.67263
395,49.0734,3.74199
396,49.2555,3.81337
397,49.4344,3.8868
398,49.6101,3.96233
399,49.7822,4.04003
400,49.9507,4.11996
401,50.1154,4.20215
402,50.2762,4.28668
403,50.4328,4.3736
404,50.585,4.46296
405,50.7328,4.55483
406,50.8759,4.64927
407,51.0141,4.74632
408,51.1473,4.84606
409,51.2753,4.94855
410,51.3978,5.05383
411,51.5147,5.16197
412,51.6257,5.27303
413,51.7307,5.38706
414,51.8294,5.50412
415,51.9217,5.62427
416,52.0073,5.74757
417,52.086,5.87406
418,52.1576,6.00379
419,52.2219,6.13682
420,52.2787,6.27319
421,52.3277,6.41295
422,52.3688,6.55614
423,52.4016,6.70279
424,52.4261,6.85294
425,52.4419,7.00663
426,52.4489,7.16387
427,52.4469,7.32469
428,52.4357,7.48911
429,52.415,7.65713
430,52.3846,7.82877
431,52.3444,8.00401
432,52.2942,8.18286
433,52.2338,8.36529
434,52.163,8.55128
435,52.0817,8.7408
436,51.9897,8.93381
437,51.8868,9.13026
438,51.773,9.3301
439,51.6481,9.53324
440,51.512,9.73962
441,51.3646,9.94914
442,51.2059,10.1617
443,51.0357,10.3772
444,50.854,10.5955
445,50.6608,10.8164
446,50.456,11.0399
447,50.2398,11.2657
448,50.012,11.4938
449,49.7728,11.7238
450,49.5221,11.9556
451,49.2602,12.189
452,48.987,12.4237
453,48.7027,12.6596
454,48.4075,12.8964
455,48.1016,13.1338
456,47.785,13.3715
457,47.4581,13.6093
458,47.1211,13.8469
459,46.7741,14.084
460,46.4176,14.3203
461,46.0518,14.5554
462,45.677,14.789
463,45.2935,15.0209
464,44.9018,15.2506
465,44.5021,15.4778
466,44.0949,15.7023
467,43.6806,15.9236
468,43.2596,16.1415
469,42.8324,16.3555
470,42.3993,16.5654
471,41.9608,16.7708
472,41.5174,16.9714
473,41.0696,17.1668
474,40.6178,17.3569
475,40.1625,17.5412
476,39.7042,17.7194
477,39.2434,17.8914
478,38.7805,18.0567
479,38.3161,18.2153
480,37.8506,18.3668
481,37.3844,18.511
482,36.9181,18.6477
483,36.4521,18.7767
484,35.9868,18.8978
485,35.5226,19.0109
486,35.0601,19.1159
487,34.5995,19.2127
488,34.1413,19.301
489,33.6859,19.381
490,33.2336,19.4524
491,32.7847,19.5153
492,32.3397,19.5696
493,31.8988,19.6154
494,31.4623,19.6527
495,31.0305,19.6814
496,30.6036,19.7017
497,30.1819,19.7136
498,29.7657,19.7172
499,29.355,19.7126
500,28.9502,19.6998
501,28.5514,19.6792
502,28.1587,19.6507
503,27.7723,19.6145
504,27.3923,19.5708
505,27.0188,19.5197
506,26.6519,19.4615
507,26.2917,19.3964
508,25.9382,19.3245
509,25.5915,19.246
510,25.2517,19.1611
511,24.9187,19.0701
512,24.5926,18.9732
513,24.2734,18.8706
514,23.9611,18.7626
515,23.6556,18.6493
516,23.3569,18.5309
517,23.065,18.4078
518,22.7799,18.2802
519,22.5016,18.1482
520,22.2298,18.0121
521,21.9647,17.8722
522,21.7061,17.7286
523,21.4539,17.5815
524,21.2082,17.4313
525,20.9687,17.278
526,20.7355,17.122
527,20.5084,16.9633
528,20.2874,16.8023
529,20.0723,16.6391
530,19.8631,16.474
531,19.6597,16.307
532,19.462,16.1383
533,19.2698,15.9683
534,19.0831,15.7969
535,18.9018,15.6245
536,18.7259,15.4511
537,18.5551,15.2769
538,18.3894,15.102
539,18.2287,14.9267
540,18.0729,14.751
541,17.922,14.575
542,17.7757,14.399
543,17.6341,14.223
544,17.497,14.0471
545,17.3643,13.8715
546,17.236,13.6962
547,17.112,13.5214
548,16.9921,13.3471
549,16.8763,13.1735
550,16.7645,13.0006
551,16.6566,12.8285
552,16.5526,12.6574
553,16.4523,12.4872
554,16.3557,12.318
555,16.2627,12.1499
556,16.1732,11.983
557,16.0871,11.8173
558,16.0045,11.6529
559,15.9251,11.4898
560,15.849,11.3281
561,15.7761,11.1678
562,15.7062,11.009
563,15.6395,10.8516
564,15.5756,10.6958
565,15.5148,10.5415
566,15.4567,10.3888
567,15.4015,10.2377
568,15.349,10.0882
569,15.2993,9.94044
570,15.2521,9.79431
571,15.2076,9.64986
572,15.1655,9.50712
573,15.126,9.36608
574,15.0889,9.22677
575,15.0542,9.08919
576,15.0219,8.95335
577,14.9919,8.81924
578,14.9641,8.68688
579,14.9385,8.55627
580,14.9152,8.4274
581,14.8939,8.30027
582,14.8748,8.17489
583,14.8578,8.05124
584,14.8427,7.92933
585,14.8297,7.80914
586,14.8187,7.69067
587,14.8095,7.57392
588,14.8023,7.45887
589,14.7969,7.34551
590,14.7934,7.23383
591,14.7917,7.12383
592,14.7918,7.01549
593,14.7936,6.9088
594,14.7972,6.80374
595,14.8025,6.70031
596,14.8094,6.59848
597,14.818,6.49824
598,14.8283,6.39959
599,14.8401,6.30249
600,14.8536,6.20695
601,14.8686,6.11294
602,14.8851,6.02044
603,14.9032,5.92944
604,14.9228,5.83992
605,14.9439,5.75187
606,14.9664,5.66527
607,14.9904,5.5801
608,15.0159,5.49635
609,15.0427,5.41399
610,15.071,5.33301
611,15.1006,5.2534
612,15.1317,5.17512
613,15.1641,5.09818
614,15.1978,5.02254
615,15.2329,4.9482
616,15.2693,4.87513
617,15.307,4.80331
618,15.346,4.73274
619,15.3863,4.66338
620,15.4279,4.59523
621,15.4707,4.52827
622,15.5148,4.46248
623,15.5601,4.39784
624,15.6067,4.33434
625,15.6545,4.27195
626,15.7035,4.21067
627,15.7537,4.15047
628,15.8051,4.09134
629,15.8577,4.03326
630,15.9115,3.97622
631,15.9665,3.92021
632,16.0227,3.86519
633,16.08,3.81117
634,16.1384,3.75811
635,16.198,3.70602
636,16.2588,3.65487
637,16.3207,3.60465
638,16.3837,3.55534
639,16.4479,3.50693
640,16.5132,3.4594
641,16.5796,3.41275
642,16.6471,3.36695
643,16.7157,3.32199
644,16.7854,3.27786
645,16.8563,3.23454
646,16.9282,3.19203
647,17.0012,3.1503
648,17.0754,3.10935
649,17.1506,3.06916
650,17.2269,3.02973
651,17.3043,2.99103
652,17.3827,2.95306
653,17.4623,2.9158
654,17.5429,2.87924
655,17.6246,2.84337
656,17.7074,2.80818
657,17.7912,2.77366
658,17.8761,2.7398
659,17.9621,2.70658
660,18.0491,2.674
661,18.1373,2.64205
662,18.2264,2.6107
663,18.3167,2.57997
664,18.408,2.54982
665,18.5004,2.52027
666,18.5938,2.49128
667,18.6883,2.46287
668,18.7838,2.43501
669,18.8805,2.4077
670,18.9781,2.38092
671,19.0769,2.35468
672,19.1767,2.32896
673,19.2776,2.30375
674,19.3795,2.27905
675,19.4825,2.25485
676,19.5866,2.23113
677,19.6917,2.2079
678,19.7979,2.18514
679,19.9051,2.16285
680,20.0135,2.14101
681,20.1229,2.11963
682,20.2333,2.0987
683,20.3448,2.0782
684,20.4575,2.05813
685,20.5711,2.03849
686,20.6859,2.01927
687,20.8017,2.00046
688,20.9186,1.98206
689,21.0366,1.96406
690,21.1557,1.94646
691,21.2758,1.92924
692,21.397,1.91241
693,21.5194,1.89596
694,21.6428,1.87988
695,21.7673,1.86417
696,21.8928,1.84882
697,22.0195,1.83384
698,22.1473,1.8192
699,22.2762,1.80491
700,22.4061,1.79097
701,22.5372,1.77737
702,22.6694,1.76411
703,22.8026,1.75118
704,22.937,1.73857
705,23.0725,1.72629
706,23.2091,1.71433
707,23.3468,1.70269
708,23.4856,1.69136
709,23.6256,1.68035
710,23.7667,1.66964
711,23.9088,1.65923
712,24.0521,1.64912
713,24.1966,1.63931
714,24.3421,1.6298
715,24.4888,1.62058
716,24.6367,1.61165
717,24.7856,1.603
718,24.9357,1.59464
719,25.0869,1.58657
720,25.2393,1.57877
721,25.3928,1.57126
722,25.5475,1.56402
723,25.7033,1.55705
724,25.8602,1.55036
725,26.0183,1.54395
726,26.1775,1.5378
727,26.3379,1.53192
728,26.4995,1.52631
729,26.6622,1.52097
730,26.826,1.51589
731,26.991,1.51108
732,27.1572,1.50653
733,27.3245,1.50225
734,27.493,1.49823
735,27.6626,1.49447
736,27.8334,1.49098
737,28.0054,1.48775
738,28.1785,1.48478
739,28.3528,1.48208
740,28.5283,1.47964
741,28.7049,1.47746
742,28.8827,1.47555
743,29.0616,1.4739
744,29.2417,1.47251
745,29.4229,1.4714
746,29.6054,1.47055
747,29.7889,1.46997
748,29.9737,1.46966
749,30.1596,1.46962
750,30.3466,1.46985
751,30.5348,1.47036
752,30.7241,1.47115
753,30.9146,1.47221
754,31.1063,1.47356
755,31.299,1.47519
756,31.493,1.47711
757,31.688,1.47931
758,31.8842,1.48181
759,32.0815,1.4846
760,32.2799,1.48769
761,32.4795,1.49108
762,32.6802,1.49478
763,32.8819,1.49879
764,33.0848,1.50311
765,33.2888,1.50774
766,33.4938,1.5127
767,33.7,1.51799
768,33.9072,1.5236
769,34.1155,1.52956
770,34.3248,1.53585
771,34.5352,1.54249
772,34.7466,1.54949
773,34.9591,1.55684
774,35.1725,1.56457
775,35.387,1.57266
776,35.6025,1.58113
777,35.8189,1.58999
778,36.0363,1.59924
779,36.2547,1.60889
780,36.474,1.61896
781,36.6942,1.62944
782,36.9154,1.64035
783,37.1374,1.65169
784,37.3603,1.66348
785,37.5841,1.67572
786,37.8087,1.68843
787,38.0341,1.70162
788,38.2603,1.71529
789,38.4873,1.72946
790,38.715,1.74413
791,38.9435,1.75933
792,39.1726,1.77507
793,39.4025,1.79135
794,39.6329,1.80819
795,39.864,1.82561
796,40.0957,1.84362
797,40.3279,1.86223
798,40.5607,1.88147
799,40.7939,1.90133
800,41.0276,1.92186
801,41.2617,1.94305
802,41.4962,1.96493
803,41.731,1.98752
804,41.9661,2.01084
805,42.2015,2.0349
806,42.4371,2.05973
807,42.6728,2.08535
808,42.9087,2.11177
809,43.1446,2.13903
810,43.3805,2.16715
811,43.6164,2.19615
812,43.8522,2.22605
813,44.0878,2.25689
814,44.3232,2.28868
815,44.5583,2.32146
816,44.793,2.35526
817,45.0273,2.3901
818,45.2612,2.42602
819,45.4944,2.46304
820,45.727,2.5012
821,45.9589,2.54054
822,46.19,2.58109
823,46.4202,2.62287
824,46.6494,2.66594
825,46.8776,2.71033
826,47.1046,2.75607
827,47.3303,2.80321
828,47.5546,2.85179
829,47.7775,2.90186
830,47.9989,2.95344
831,48.2185,3.0066
832,48.4363,3.06138
833,48.6522,3.11782
834,48.866,3.17597
835,49.0777,3.23589
836,49.2871,3.29762
837,49.494,3.36123
838,49.6984,3.42675
839,49.9,3.49425
840,50.0988,3.56379
841,50.2945,3.63541
842,50.487,3.70919
843,50.6762,3.78518
844,50.8619,3.86345
845,51.0439,3.94405
846,51.2221,4.02704
847,51.3962,4.11251
848,51.566,4.2005
849,51.7315,4.29109
850,51.8924,4.38434
851,52.0485,4.48032
852,52.1995,4.5791
853,52.3454,4.68076
854,52.4858,4.78535
855,52.6206,4.89295
856,52.7495,5.00364
857,52.8724,5.11747
858,52.9889,5.23452
859,53.0989,5.35485
860,53.2021,5.47854
861,53.2983,5.60566
862,53.3873,5.73626
863,53.4688,5.87041
864,53.5425,6.00819
865,53.6082,6.14963
866,53.6658,6.29482
867,53.7148,6.44379
868,53.7551,6.5966
869,53.7865,6.7533
870,53.8086,6.91394
871,53.8213,7.07855
872,53.8242,7.24717
873,53.8172,7.41983
874,53.8001,7.59655
875,53.7725,7.77735
876,53.7343,7.96224
877,53.6852,8.15121
878,53.625,8.34428
879,53.5536,8.54141
880,53.4707,8.74259
881,53.3761,8.94779
882,53.2697,9.15695
883,53.1513,9.37003
884,53.0208,9.58696
885,52.8779,9.80766
886,52.7227,10.032
887,52.5549,10.26
888,52.3746,10.4914
889,52.1816,10.7261
890,51.9759,10.9641
891,51.7574,11.205
892,51.5262,11.4488
893,51.2823,11.6953
894,51.0256,11.9442
895,50.7563,12.1953
896,50.4745,12.4484
897,50.1803,12.7033
898,49.8737,12.9596
899,49.555,13.2172
900,49.2244,13.4757
901,48.882,13.7347
902,48.5281,13.9941
903,48.163,14.2534
904,47.7869,14.5122
905,47.4003,14.7704
906,47.0033,15.0274
907,46.5965,15.2829
908,46.1801,15.5365
909,45.7546,15.7879
910,45.3204,16.0366
911,44.878,16.2823
912,44.4278,16.5246
913,43.9703,16.763
914,43.5061,16.9972
915,43.0356,17.2267
916,42.5593,17.4513
917,42.0779,17.6705
918,41.5918,17.8839
919,41.1015,18.0912
920,40.6078,18.292
921,40.111,18.4861
922,39.6117,18.673
923,39.1106,18.8525
924,38.6081,19.0242
925,38.1048,19.188
926,37.6012,19.3435
927,37.0979,19.4905
928,36.5953,19.6289
929,36.094,19.7583
930,35.5944,19.8788
931,35.0971,19.99
932,34.6024,20.0919
933,34.1108,20.1843
934,33.6228,20.2673
935,33.1387,20.3407
936,32.6589,20.4046
937,32.1837,20.4588
938,31.7136,20.5035
939,31.2487,20.5386
940,30.7895,20.5643
941,30.3362,20.5805
942,29.889,20.5874
943,29.4481,20.5851
944,29.0139,20.5738
945,28.5864,20.5535
946,28.1658,20.5244
947,27.7523,20.4868
948,27.3461,20.4407
949,26.9471,20.3865
950,26.5556,20.3243
951,26.1716,20.2543
952,25.7951,20.1767
953,25.4263,20.0919
954,25.0651,20
955,24.7115,19.9013
956,24.3656,19.796
957,24.0274,19.6845
958,23.6968,19.5669
959,23.3738,19.4436
960,23.0583,19.3148
961,22.7504,19.1807
962,22.4499,19.0416
963,22.1568,18.8979
964,21.871,18.7496
965,21.5925,18.5972
966,21.3211,18.4409
967,21.0568,18.2808
968,20.7995,18.1173
969,20.549,17.9506
970,20.3053,17.781
971,20.0682,17.6086
972,19.8378,17.4337
973,19.6137,17.2566
974,19.396,17.0773
975,19.1846,16.8962
976,18.9792,16.7135
977,18.7799,16.5293
978,18.5864,16.3438
979,18.3987,16.1573
980,18.2167,15.9699
981,18.0402,15.7817
982,17.8691,15.5929
983,17.7033,15.4038
984,17.5428,15.2144
985,17.3873,15.0248
986,17.2369,14.8353
987,17.0913,14.646
988,16.9505,14.4569
989,16.8144,14.2683
990,16.6828,14.0801
991,16.5557,13.8926
992,16.433,13.7058
993,16.3146,13.5199
994,16.2003,13.3349
995,16.0901,13.1509
996,15.9839,12.9679
997,15.8816,12.7862
998,15.7832,12.6057
999,15.6885,12.4264
1000,15.5974,12.2486
1001,15.5099,12.0722
1002,15.4258,11.8973
1003,15.3452,11.7239
1004,15.2679,11.5521
1005,15.1939,11.3819
1006,15.1231,11.2134
1007,15.0554,11.0465
1008,14.9908,10.8814
1009,14.9291,10.7181
1010,14.8704,10.5566
1011,14.8145,10.3969
1012,14.7615,10.239
1013,14.7112,10.083
1014,14.6635,9.92881
1015,14.6185,9.77654
1016,14.5761,9.62616
1017,14.5362,9.47769
1018,14.4988,9.33113
1019,14.4638,9.18648
1020,14.4312,9.04376
1021,14.4009,8.90296
1022,14.3729,8.76408
1023,14.3472,8.62712
1024,14.3236,8.49208
1025,14.3022,8.35896
1026,14.2829,8.22774
1027,14.2657,8.09843
1028,14.2505,7.971
1029,14.2374,7.84546
1030,14.2262,7.7218
1031,14.217,7.6
1032,14.2096,7.48005
1033,14.2042,7.36193
1034,14.2005,7.24564
1035,14.1987,7.13117
1036,14.1987,7.01849
1037,14.2004,6.90758
1038,14.2038,6.79845
1039,14.209,6.69106
1040,14.2158,6.5854
1041,14.2242,6.48145
1042,14.2343,6.3792
1043,14.246,6.27863
1044,14.2593,6.17972
1045,14.2741,6.08244
1046,14.2905,5.98679
1047,14.3084,5.89274
1048,14.3278,5.80028
1049,14.3486,5.70937
1050,14.3709,5.62001
1051,14.3947,5.53218
1052,14.4199,5.44585
1053,14.4465,5.361
1054,14.4745,5.27762
1055,14.5038,5.19568
1056,14.5345,5.11517
1057,14.5666,5.03606
1058,14.6,4.95833
1059,14.6348,4.88198
1060,14.6708,4.80696
1061,14.7081,4.73328
1062,14.7467,4.6609
1063,14.7866,4.5898
1064,14.8277,4.51998
1065,14.8701,4.4514
1066,14.9138,4.38405
1067,14.9586,4.31791
1068,15.0047,4.25296
1069,15.052,4.18919
1070,15.1005,4.12657
1071,15.1502,4.06508
1072,15.201,4.00472
1073,15.2531,3.94545
1074,15.3063,3.88727
1075,15.3607,3.83015
1076,15.4162,3.77408
1077,15.4729,3.71904
1078,15.5307,3.66501
1079,15.5896,3.61198
1080,15.6497,3.55993
1081,15.7109,3.50885
1082,15.7732,3.45871
1083,15.8367,3.4095
1084,15.9012,3.36121
1085,15.9669,3.31382
1086,16.0336,3.26732
1087,16.1015,3.22169
1088,16.1704,3.17691
1089,16.2405,3.13297
1090,16.3116,3.08987
1091,16.3838,3.04757
1092,16.457,3.00607
1093,16.5314,2.96536
1094,16.6068,2.92542
1095,16.6833,2.88624
1096,16.7609,2.84781
1097,16.8395,2.81011
1098,16.9192,2.77312
1099,17,2.73685
1100,17.0818,2.70127
1101,17.1647,2.66637
1102,17.2486,2.63215
1103,17.3336,2.59859
1104,17.4197,2.56567
1105,17.5068,2.53339
1106,17.5949,2.50174
1107,17.6842,2.47071
1108,17.7744,2.44028
1109,17.8657,2.41045
1110,17.9581,2.3812
1111,18.0516,2.35252
1112,18.146,2.32442
1113,18.2416,2.29686
1114,18.3382,2.26985
1115,18.4358,2.24338
1116,18.5345,2.21744
1117,18.6343,2.19202
1118,18.7351,2.1671
1119,18.837,2.14269
1120,18.9399,2.11877
1121,19.0439,2.09534
1122,19.1489,2.07238
1123,19.255,2.04989
1124,19.3622,2.02787
1125,19.4704,2.0063
1126,19.5797,1.98517
1127,19.6901,1.96448
1128,19.8015,1.94423
1129,19.914,1.9244
1130,20.0276,1.90499
1131,20.1423,1.886
1132,20.258,1.8674
1133,20.3748,1.84921
1134,20.4927,1.83141
1135,20.6117,1.814
1136,20.7317,1.79697
1137,20.8528,1.78032
1138,20.9751,1.76403
1139,21.0984,1.74811
1140,21.2228,1.73255
1141,21.3483,1.71734
1142,21.4749,1.70248
1143,21.6026,1.68797
1144,21.7314,1.6738
1145,21.8613,1.65996
1146,21.9923,1.64645
1147,22.1245,1.63326
1148,22.2577,1.6204
1149,22.3921,1.60785
1150,22.5275,1.59562
1151,22.6641,1.5837
1152,22.8019,1.57208
1153,22.9407,1.56076
1154,23.0807,1.54975
1155,23.2218,1.53902
1156,23.3641,1.52859
1157,23.5074,1.51845
1158,23.652,1.50859
1159,23.7976,1.49901
1160,23.9445,1.48972
1161,24.0924,1.48069
1162,24.2416,1.47195
1163,24.3918,1.46347
1164,24.5433,1.45526
1165,24.6959,1.44732
1166,24.8496,1.43965
1167,25.0046,1.43223
1168,25.1607,1.42508
1169,25.3179,1.41818
1170,25.4764,1.41154
1171,25.636,1.40515
1172,25.7968,1.39902
1173,25.9588,1.39314
1174,26.1219,1.38751
1175,26.2863,1.38213
1176,26.4518,1.377
1177,26.6186,1.37211
1178,26.7865,1.36747
1179,26.9556,1.36308
1180,27.1259,1.35893
1181,27.2974,1.35502
1182,27.4702,1.35136
1183,27.6441,1.34794
1184,27.8192,1.34477
1185,27.9956,1.34183
1186,28.1731,1.33914
1187,28.3518,1.3367
1188,28.5318,1.33449
1189,28.713,1.33254
1190,28.8954,1.33082
1191,29.079,1.32935
1192,29.2638,1.32813
1193,29.4498,1.32715
1194,29.637,1.32642
1195,29.8255,1.32594
1196,30.0152,1.32571
1197,30.206,1.32573
1198,30.3981,1.326
1199,30.5914,1.32653
1200,30.786,1.32731
1201,30.9817,1.32835
1202,31.1786,1.32966
1203,31.3768,1.33123
1204,31.5761,1.33306
1205,31.7767,1.33516
1206,31.9784,1.33753
1207,32.1814,1.34018
1208,32.3855,1.3431
1209,32.5909,1.3463
1210,32.7974,1.34979
1211,33.0051,1.35357
1212,33.214,1.35764
1213,33.424,1.362
1214,33.6353,1.36666
1215,33.8477,1.37163
1216,34.0612,1.37691
1217,34.2759,1.3825
1218,34.4918,1.38841
1219,34.7087,1.39465
1220,34.9268,1.40122
1221,35.1461,1.40812
1222,35.3664,1.41537
1223,35.5878,1.42296
1224,35.8104,1.43091
1225,36.034,1.43923
1226,36.2586,1.44791
1227,36.4844,1.45697
1228,36.7112,1.46642
1229,36.939,1.47626
1230,37.1678,1.48651
1231,37.3976,1.49716
1232,37.6284,1.50824
1233,37.8602,1.51974
1234,38.0929,1.53169
1235,38.3265,1.54408
1236,38.5611,1.55694
1237,38.7966,1.57027
1238,39.0329,1.58408
1239,39.2701,1.59839
1240,39.5081,1.61321
1241,39.7469,1.62855
1242,39.9864,1.64442
1243,40.2268,1.66084
1244,40.4678,1.67783
1245,40.7096,1.69539
1246,40.9519,1.71355
1247,41.195,1.73231
1248,41.4386,1.75171
1249,41.6828,1.77174
1250,41.9275,1.79244
1251,42.1727,1.81382
1252,42.4183,1.8359
1253,42.6644,1.8587
1254,42.9108,1.88224
1255,43.1575,1.90654
1256,43.4045,1.93162
1257,43.6517,1.95752
1258,43.899,1.98424
1259,44.1465,2.01182
1260,44.3941,2.04028
1261,44.6417,2.06965
1262,44.8892,2.09995
1263,45.1365,2.13122
1264,45.3837,2.16348
1265,45.6307,2.19676
1266,45.8773,2.2311
1267,46.1236,2.26652
1268,46.3693,2.30306
1269,46.6145,2.34076
1270,46.8591,2.37965
1271,47.103,2.41977
1272,47.3461,2.46116
1273,47.5883,2.50385
1274,47.8295,2.54789
1275,48.0696,2.59332
1276,48.3085,2.64018
1277,48.5461,2.68851
1278,48.7823,2.73838
1279,49.017,2.78981
1280,49.2501,2.84286
1281,49.4814,2.89759
1282,49.7109,2.95404
1283,49.9383,3.01226
1284,50.1636,3.07232
1285,50.3866,3.13427
1286,50.6072,3.19817
1287,50.8251,3.26407
1288,51.0404,3.33205
1289,51.2528,3.40216
1290,51.4621,3.47446
1291,51.6682,3.54903
1292,51.8709,3.62593
1293,52.07,3.70523
1294,52.2653,3.78701
1295,52.4567,3.87133
1296,52.644,3.95826
1297,52.8269,4.0479
1298,53.0053,4.1403
1299,53.1788,4.23555
1300,53.3475,4.33372
1301,53.5109,4.4349
1302,53.6688,4.53917
1303,53.8211,4.64661
1304,53.9675,4.75729
1305,54.1078,4.87131
1306,54.2416,4.98875
1307,54.3688,5.10969
1308,54.4891,5.2342
1309,54.6023,5.36239
1310,54.708,5.49431
1311,54.806,5.63007
1312,54.896,5.76972
1313,54.9777,5.91337
1314,55.051,6.06107
1315,55.1154,6.21291
1316,55.1707,6.36894
1317,55.2166,6.52926
1318,55.2529,6.6939
1319,55.2792,6.86294
1320,55.2953,7.03643
1321,55.3009,7.21442
1322,55.2957,7.39695
1323,55.2795,7.58406
1324,55.2519,7.77578
1325,55.2127,7.97214
1326,55.1617,8.17314
1327,55.0985,8.37879
1328,55.0231,8.58908
1329,54.935,8.80401
1330,54.8341,9.02353
1331,54.7203,9.24763
1332,54.5932,9.47623
1333,54.4528,9.70928
1334,54.2988,9.9467
1335,54.1311,10.1884
1336,53.9496,10.4342
1337,53.7541,10.6841
1338,53.5447,10.9379
1339,53.3212,11.1955
1340,53.0835,11.4566
1341,52.8318,11.721
1342,52.5659,11.9886
1343,52.2859,12.2592
1344,51.992,12.5324
1345,51.6841,12.808
1346,51.3624,13.0857
1347,51.0271,13.3653
1348,50.6783,13.6463
1349,50.3164,13.9285
1350,49.9414,14.2114
1351,49.5538,14.4948
1352,49.1538,14.7783
1353,48.7417,15.0613
1354,48.318,15.3436
1355,47.883,15.6247
1356,47.4372,15.9041
1357,46.981,16.1814
1358,46.5149,16.4562
1359,46.0394,16.728
1360,45.5551,16.9963
1361,45.0625,17.2606
1362,44.5621,17.5206
1363,44.0546,17.7758
1364,43.5406,18.0256
1365,43.0207,18.2697
1366,42.4954,18.5076
1367,41.9655,18.7388
1368,41.4316,18.963
1369,40.8942,19.1798
1370,40.3541,19.3888
1371,39.812,19.5895
1372,39.2683,19.7817
1373,38.7238,19.9651
1374,38.1791,20.1392
1375,37.6347,20.304
1376,37.0913,20.459
1377,36.5495,20.6041
1378,36.0097,20.739
1379,35.4726,20.8636
1380,34.9387,20.9778
1381,34.4084,21.0814
1382,33.8823,21.1744
1383,33.3608,21.2566
1384,32.8442,21.328
1385,32.3332,21.3887
1386,31.8279,21.4386
1387,31.3288,21.4778
1388,30.8361,21.5063
1389,30.3502,21.5243
1390,29.8714,21.5318
1391,29.3999,21.529
1392,28.936,21.5161
1393,28.4797,21.4932
1394,28.0314,21.4606
1395,27.5912,21.4183
1396,27.1591,21.3667
1397,26.7353,21.306
1398,26.3199,21.2365
1399,25.913,21.1583
1400,25.5146,21.0718
1401,25.1247,20.9773
1402,24.7434,20.875
1403,24.3707,20.7653
1404,24.0065,20.6484
1405,23.6508,20.5247
1406,23.3036,20.3944
1407,22.9648,20.2578
1408,22.6344,20.1153
1409,22.3123,19.9671
1410,21.9983,19.8136
1411,21.6925,19.6551
1412,21.3948,19.4918
1413,21.1049,19.324
1414,20.8228,19.1522
1415,20.5485,18.9764
1416,20.2817,18.797
1417,20.0223,18.6144
1418,19.7703,18.4286
1419,19.5255,18.2401
1420,19.2877,18.0491
1421,19.0569,17.8557
1422,18.8329,17.6603
1423,18.6155,17.4631
1424,18.4047,17.2643
1425,18.2002,17.0641
1426,18.0021,16.8628
1427,17.81,16.6604
1428,17.624,16.4573
1429,17.4438,16.2537
1430,17.2694,16.0496
1431,17.1006,15.8453
1432,16.9372,15.6409
1433,16.7792,15.4366
1434,16.6265,15.2325
1435,16.4788,15.0288
1436,16.3361,14.8256
1437,16.1983,14.623
1438,16.0653,14.4212
1439,15.9369,14.2202
1440,15.8131,14.0202
1441,15.6936,13.8213
1442,15.5785,13.6236
1443,15.4676,13.4271
1444,15.3609,13.232
1445,15.2581,13.0383
1446,15.1593,12.8461
1447,15.0643,12.6554
1448,14.9731,12.4664
1449,14.8855,12.2791
1450,14.8015,12.0935
1451,14.721,11.9097
1452,14.6438,11.7277
1453,14.57,11.5476
1454,14.4995,11.3694
1455,14.4321,11.1932
1456,14.3678,11.019
1457,14.3066,10.8467
1458,14.2483,10.6765
1459,14.1929,10.5083
1460,14.1403,10.3422
1461,14.0905,10.1782
1462,14.0434,10.0163
1463,13.999,9.85643
1464,13.9571,9.69871
1465,13.9178,9.54312
1466,13.881,9.38965
1467,13.8466,9.23829
1468,13.8146,9.08906
1469,13.7849,8.94195
1470,13.7575,8.79696
1471,13.7324,8.65407
1472,13.7094,8.51329
1473,13.6886,8.37461
1474,13.6699,8.23801
1475,13.6533,8.10348
1476,13.6387,7.97101
1477,13.6261,7.8406
1478,13.6155,7.71222
1479,13.6068,7.58586
1480,13.6,7.4615
1481,13.595,7.33913
1482,13.5919,7.21873
1483,13.5905,7.10029
1484,13.591,6.98377
1485,13.5931,6.86918
1486,13.597,6.75648
1487,13.6025,6.64565
1488,13.6097,6.53668
1489,13.6186,6.42954
1490,13.629,6.32421
1491,13.641,6.22068
1492,13.6546,6.11892
1493,13.6697,6.0189
1494,13.6863,5.92061
1495,13.7045,5.82402
1496,13.724,5.72912
1497,13.7451,5.63587
1498,13.7676,5.54426
1499,13.7915,5.45426
1500,13.8168,5.36586
1501,13.8435,5.27902
1502,13.8716,5.19373
1503,13.901,5.10996
1504,13.9317,5.0277
1505,13.9638,4.94691
1506,13.9972,4.86758
1507,14.0319,4.78969
1508,14.0678,4.71321
1509,14.1051,4.63811
1510,14.1436,4.56439
1511,14.1833,4.49202
1512,14.2243,4.42097
1513,14.2665,4.35122
1514,14.3099,4.28276
1515,14.3546,4.21557
1516,14.4004,4.14961
1517,14.4474,4.08488
1518,14.4956,4.02135
1519,14.545,3.959
1520,14.5955,3.89781
1521,14.6472,3.83777
1522,14.7,3.77885
1523,14.754,3.72103
1524,14.8091,3.6643
1525,14.8653,3.60864
1526,14.9226,3.55402
1527,14.9811,3.50044
1528,15.0407,3.44787
1529,15.1013,3.39629
1530,15.1631,3.34569
1531,15.226,3.29605
1532,15.2899,3.24735
1533,15.355,3.19958
1534,15.4211,3.15272
1535,15.4883,3.10676
1536,15.5565,3.06168
1537,15.6259,3.01746
1538,15.6963,2.97408
1539,15.7677,2.93154
1540,15.8403,2.88982
1541,15.9138,2.8489
1542,15.9885,2.80877
1543,16.0642,2.76941
1544,16.1409,2.73082
1545,16.2187,2.69297
1546,16.2976,2.65586
1547,16.3774,2.61947
1548,16.4584,2.58379
1549,16.5403,2.5488
1550,16.6234,2.51449
1551,16.7074,2.48086
1552,16.7925,2.44788
1553,16.8787,2.41555
1554,16.9658,2.38385
1555,17.0541,2.35278
1556,17.1433,2.32232
1557,17.2336,2.29247
1558,17.325,2.2632
1559,17.4173,2.23451
1560,17.5108,2.2064
1561,17.6052,2.17884
1562,17.7007,2.15183
1563,17.7973,2.12537
1564,17.8948,2.09943
1565,17.9935,2.07402
1566,18.0931,2.04912
1567,18.1939,2.02472
1568,18.2956,2.00081
1569,18.3984,1.9774
1570,18.5023,1.95446
1571,18.6072,1.93198
1572,18.7132,1.90997
1573,18.8202,1.88842
1574,18.9283,1.8673
1575,19.0374,1.84663
1576,19.1476,1.82639
1577,19.2589,1.80656
1578,19.3712,1.78716
1579,19.4846,1.76816
1580,19.5991,1.74957
1581,19.7146,1.73137
1582,19.8312,1.71357
1583,19.9489,1.69614
1584,20.0677,1.67909
1585,20.1875,1.66242
1586,20.3085,1.6461
1587,20.4305,1.63015
1588,20.5536,1.61455
1589,20.6778,1.5993
1590,20.8031,1.58439
1591,20.9295,1.56982
1592,21.057,1.55558
1593,21.1856,1.54167
1594,21.3153,1.52808
1595,21.4462,1.51481
1596,21.5781,1.50185
1597,21.7112,1.4892
1598,21.8453,1.47686
1599,21.9806,1.46482
1600,22.1171,1.45307
1601,22.2546,1.44161
1602,22.3933,1.43045
1603,22.5332,1.41957
1604,22.6742,1.40897
1605,22.8163,1.39865
1606,22.9596,1.3886
1607,23.104,1.37882
1608,23.2496,1.36931
1609,23.3963,1.36007
1610,23.5442,1.35109
1611,23.6933,1.34237
1612,23.8435,1.3339
1613,23.995,1.32569
1614,24.1476,1.31773
1615,24.3013,1.31002
1616,24.4563,1.30255
1617,24.6124,1.29533
1618,24.7698,1.28835
1619,24.9283,1.28161
1620,25.0881,1.27511
1621,25.249,1.26885
1622,25.4111,1.26282
1623,25.5745,1.25703
1624,25.7391,1.25146
1625,25.9048,1.24613
1626,26.0718,1.24103
1627,26.2401,1.23615
1628,26.4095,1.23151
1629,26.5802,1.22708
1630,26.7521,1.22289
1631,26.9252,1.21892
1632,27.0996,1.21517
1633,27.2752,1.21164
1634,27.4521,1.20834
1635,27.6302,1.20526
1636,27.8096,1.20241
1637,27.9902,1.19977
1638,28.1721,1.19736
1639,28.3552,1.19517
1640,28.5396,1.19321
1641,28.7252,1.19146
1642,28.9121,1.18995
1643,29.1003,1.18865
1644,29.2897,1.18758
1645,29.4804,1.18674
1646,29.6724,1.18612
1647,29.8656,1.18573
1648,30.0601,1.18557
1649,30.2559,1.18564
1650,30.453,1.18595
1651,30.6513,1.18649
1652,30.8509,1.18726
1653,31.0518,1.18827
1654,31.2539,1.18952
1655,31.4573,1.19101
1656,31.662,1.19275
1657,31.868,1.19473
1658,32.0752,1.19696
1659,32.2838,1.19944
1660,32.4935,1.20218
1661,32.7046,1.20518
1662,32.9169,1.20844
1663,33.1304,1.21196
1664,33.3453,1.21576
1665,33.5613,1.21983
1666,33.7787,1.22417
1667,33.9972,1.2288
1668,34.217,1.23371
1669,34.4381,1.23891
1670,34.6604,1.24441
1671,34.8839,1.25021
1672,35.1086,1.25631
1673,35.3346,1.26273
1674,35.5617,1.26947
1675,35.7901,1.27653
1676,36.0196,1.28392
1677,36.2503,1.29165
1678,36.4822,1.29972
1679,36.7152,1.30815
1680,36.9494,1.31693
1681,37.1848,1.32608
1682,37.4212,1.33561
1683,37.6588,1.34552
1684,37.8975,1.35583
1685,38.1372,1.36654
1686,38.3781,1.37765
1687,38.6199,1.3892
1688,38.8629,1.40117
1689,39.1068,1.41359
1690,39.3517,1.42646
1691,39.5976,1.4398
1692,39.8445,1.45362
1693,40.0923,1.46793
1694,40.341,1.48275
1695,40.5906,1.49808
1696,40.8411,1.51395
1697,41.0924,1.53036
1698,41.3445,1.54733
1699,41.5974,1.56489
1700,41.851,1.58304
1701,42.1054,1.6018
1702,42.3604,1.62119
1703,42.6161,1.64123
1704,42.8724,1.66193
1705,43.1292,1.68332
1706,43.3866,1.70543
1707,43.6444,1.72826
1708,43.9027,1.75184
1709,44.1614,1.77619
1710,44.4205,1.80134
1711,44.6798,1.82732
1712,44.9394,1.85415
1713,45.1992,1.88185
1714,45.4591,1.91045
1715,45.719,1.93998
1716,45.979,1.97048
1717,46.2389,2.00196
1718,46.4987,2.03447
1719,46.7583,2.06804
1720,47.0176,2.1027
1721,47.2766,2.13848
1722,47.5351,2.17542
1723,47.7932,2.21357
1724,48.0506,2.25296
1725,48.3073,2.29362
1726,48.5633,2.33561
1727,48.8184,2.37897
1728,49.0725,2.42374
1729,49.3255,2.46997
1730,49.5774,2.5177
1731,49.8279,2.56699
1732,50.077,2.61789
1733,50.3245,2.67045
1734,50.5704,2.72472
1735,50.8145,2.78077
1736,51.0566,2.83865
1737,51.2966,2.89842
1738,51.5345,2.96015
1739,51.7699,3.0239
1740,52.0028,3.08973
1741,52.2329,3.15771
1742,52.4602,3.22791
1743,52.6845,3.30041
1744,52.9055,3.37528
1745,53.1232,3.45259
1746,53.3372,3.53243
1747,53.5474,3.61487
1748,53.7536,3.69999
1749,53.9556,3.78787
1750,54.1531,3.87861
1751,54.346,3.97229
1752,54.534,4.069
1753,54.7168,4.16883
1754,54.8943,4.27187
1755,55.0662,4.37822
1756,55.2322,4.48796
1757,55.392,4.60121
1758,55.5454,4.71804
1759,55.6922,4.83856
1760,55.832,4.96288
1761,55.9645,5.09108
1762,56.0894,5.22326
1763,56.2066,5.35954
1764,56.3155,5.49999
1765,56.4161,5.64473
1766,56.5078,5.79384
1767,56.5905,5.94742
1768,56.6637,6.10557
1769,56.7273,6.26836
1770,56.7808,6.4359
1771,56.8239,6.60826
1772,56.8563,6.78552
1773,56.8777,6.96775
1774,56.8877,7.15503
1775,56.8861,7.34741
1776,56.8724,7.54495
1777,56.8465,7.7477
1778,56.8079,7.9557
1779,56.7564,8.16898
1780,56.6917,8.38755
1781,56.6135,8.61143
1782,56.5215,8.84061
1783,56.4155,9.07508
1784,56.2952,9.3148
1785,56.1603,9.55973
1786,56.0107,9.80982
1787,55.8461,10.065
1788,55.6664,10.3251
1789,55.4714,10.5901
1790,55.261,10.8599
1791,55.035,11.1342
1792,54.7935,11.4129
1793,54.5362,11.6959
1794,54.2632,11.9829
1795,53.9746,12.2736
1796,53.6703,12.5679
1797,53.3503,12.8654
1798,53.0149,13.1658
1799,52.6642,13.4688
1800,52.2983,13.7741
1801,51.9174,14.0812
1802,51.5219,14.3898
1803,51.1119,14.6995
1804,50.6878,15.0098
1805,50.25,15.3204
1806,49.7989,15.6306
1807,49.3349,15.9401
1808,48.8586,16.2483
1809,48.3703,16.5547
1810,47.8706,16.8588
1811,47.3602,17.1601
1812,46.8395,17.458
1813,46.3093,17.752
1814,45.7702,18.0415
1815,45.2228,18.326
1816,44.6679,18.605
1817,44.1061,18.8779
1818,43.5382,19.1442
1819,42.9649,19.4033
1820,42.387,19.6549
1821,41.8051,19.8984
1822,41.2201,20.1333
1823,40.6326,20.3592
1824,40.0435,20.5756
1825,39.4534,20.7823
1826,38.8631,20.9788
1827,38.2732,21.1647
1828,37.6845,21.3398
1829,37.0976,21.5038
1830,36.5132,21.6564
1831,35.9318,21.7975
1832,35.3542,21.9268
1833,34.7809,22.0442
1834,34.2124,22.1495
1835,33.6492,22.2428
1836,33.0919,22.324
1837,32.5408,22.393
1838,31.9965,22.4499
1839,31.4592,22.4948
1840,30.9295,22.5276
1841,30.4075,22.5485
1842,29.8937,22.5577
1843,29.3882,22.5553
1844,28.8914,22.5415
1845,28.4034,22.5165
1846,27.9244,22.4806
1847,27.4546,22.4339
1848,26.9941,22.3768
1849,26.543,22.3095
1850,26.1015,22.2324
1851,25.6694,22.1457
1852,25.247,22.0498
1853,24.8342,21.945
1854,24.4309,21.8317
1855,24.0373,21.7101
1856,23.6532,21.5806
1857,23.2785,21.4437
1858,22.9134,21.2995
1859,22.5575,21.1486
1860,22.2109,20.9912
1861,21.8735,20.8277
1862,21.5451,20.6584
1863,21.2257,20.4838
1864,20.915,20.304
1865,20.6131,20.1196
1866,20.3196,19.9307
1867,20.0345,19.7378
1868,19.7577,19.5411
1869,19.4889,19.3409
1870,19.2281,19.1377
1871,18.975,18.9315
1872,18.7296,18.7228
1873,18.4916,18.5118
1874,18.261,18.2987
1875,18.0374,18.0839
1876,17.8209,17.8676
1877,17.6112,17.65
1878,17.4081,17.4313
1879,17.2115,17.2118
1880,17.0214,16.9917
1881,16.8374,16.7712
1882,16.6595,16.5504
1883,16.4874,16.3296
1884,16.3212,16.109
1885,16.1606,15.8886
1886,16.0054,15.6687
1887,15.8556,15.4495
1888,15.7111,15.2309
1889,15.5716,15.0133
1890,15.437,14.7967
1891,15.3073,14.5812
1892,15.1823,14.367
1893,15.0618,14.1541
1894,14.9459,13.9426
1895,14.8343,13.7328
1896,14.7269,13.5245
1897,14.6237,13.3179
1898,14.5245,13.1131
1899,14.4293,12.9102
1900,14.3378,12.7092
1901,14.2501,12.5101
1902,14.1661,12.3131
1903,14.0856,12.1181
1904,14.0086,11.9253
1905,13.935,11.7346
1906,13.8646,11.5461
1907,13.7975,11.3598
1908,13.7335,11.1757
1909,13.6726,10.9939
1910,13.6147,10.8144
1911,13.5597,10.6372
1912,13.5076,10.4623
1913,13.4582,10.2898
1914,13.4116,10.1196
1915,13.3677,9.95172
1916,13.3263,9.7862
1917,13.2875,9.62302
1918,13.2512,9.4622
1919,13.2173,9.30372
1920,13.1858,9.14758
1921,13.1566,8.99377
1922,13.1297,8.84228
1923,13.1051,8.69311
1924,13.0826,8.54624
1925,13.0623,8.40166
1926,13.0441,8.25935
1927,13.0279,8.11931
1928,13.0137,7.98151
1929,13.0016,7.84593
1930,12.9914,7.71256
1931,12.9831,7.58138
1932,12.9766,7.45237
1933,12.972,7.32551
1934,12.9692,7.20077
1935,12.9682,7.07813
1936,12.9689,6.95758
1937,12.9713,6.83908
1938,12.9755,6.72262
1939,12.9812,6.60817
1940,12.9886,6.49571
1941,12.9976,6.38521
1942,13.0082,6.27665
1943,13.0204,6.17
1944,13.0341,6.06523
1945,13.0493,5.96233
1946,13.0659,5.86126
1947,13.0841,5.76201
1948,13.1037,5.66454
1949,13.1247,5.56883
1950,13.1471,5.47485
1951,13.171,5.38259
1952,13.1962,5.292
1953,13.2227,5.20308
1954,13.2506,5.11578
1955,13.2799,5.0301
1956,13.3104,4.94599
1957,13.3423,4.86345
1958,13.3754,4.78243
1959,13.4098,4.70293
1960,13.4454,4.6249
1961,13.4823,4.54834
1962,13.5204,4.47321
1963,13.5598,4.3995
1964,13.6003,4.32717
1965,13.6421,4.2562
1966,13.685,4.18658
1967,13.7292,4.11828
1968,13.7745,4.05127
1969,13.8209,3.98553
1970,13.8685,3.92105
1971,13.9173,3.8578
1972,13.9672,3.79576
1973,14.0182,3.7349
1974,14.0703,3.67521
1975,14.1236,3.61666
1976,14.1779,3.55924
1977,14.2334,3.50293
1978,14.2899,3.4477
1979,14.3476,3.39354
1980,14.4063,3.34042
1981,14.4661,3.28833
1982,14.527,3.23725
1983,14.589,3.18716
1984,14.652,3.13804
1985,14.7161,3.08988
1986,14.7812,3.04265
1987,14.8474,2.99635
1988,14.9146,2.95095
1989,14.9829,2.90643
1990,15.0522,2.86278
1991,15.1226,2.81999
1992,15.194,2.77804
1993,15.2664,2.73691
1994,15.3399,2.69658
1995,15.4144,2.65705
1996,15.49,2.61829
1997,15.5665,2.5803
1998,15.6441,2.54306
1999,15.7227,2.50655
